,Y,X,RV,I,Sig
217,2,71,-5.157500000000001,3.0875,12.0
283,3,69,-2.6350000000000002,3.005,17.2275
536,7,69,-7.09,2.6925,20.314999999999998
537,7,73,-9.264999999999999,2.54,21.232499999999998
538,7,74,-7.9775,2.4275,19.7075
601,8,61,0.5125,2.57,27.35
602,8,62,-3.6449999999999996,2.8324999999999996,27.0325
603,8,66,-3.8425000000000002,2.7024999999999997,22.075000000000003
604,8,68,-5.1375,2.7449999999999997,23.895
667,9,61,2.135,2.97,26.37
668,9,62,-2.865,3.275,27.0475
669,9,63,-6.7,3.5575,23.4725
670,9,64,-6.75,3.4,23.529999999999998
671,9,65,-6.012499999999999,3.24,23.615000000000002
672,9,66,-3.9375000000000004,3.35,21.2375
673,9,67,-3.7825,3.3550000000000004,19.545
674,9,68,-5.324999999999999,3.2925,20.505
675,9,70,-9.06,3.6175,17.432499999999997
737,10,62,-5.475,3.3899999999999997,25.785
738,10,63,-7.754999999999999,3.9650000000000003,22.1075
739,10,64,-7.7299999999999995,4.0725,21.125
740,10,65,-6.959999999999999,3.8924999999999996,21.27
741,10,66,-3.5525,3.785,20.875
742,10,67,-2.715,3.6950000000000003,19.317500000000003
743,10,68,-3.475,3.74,18.805
744,10,69,-4.265,4.0024999999999995,18.6625
745,10,70,-4.725,4.045,20.165
746,10,71,-3.825,4.0175,20.6925
747,10,72,-4.08,3.6799999999999997,19.102500000000003
748,10,74,-2.27,3.285,14.2875
807,11,58,-1.9125,2.14,28.485
808,11,59,-2.9074999999999998,2.2775,28.68
809,11,60,-2.0025,2.38,27.0625
810,11,61,-2.7375,2.66,26.105
811,11,62,-6.93,3.2650000000000006,23.7
812,11,63,-7.96,4.0825000000000005,21.067500000000003
813,11,64,-7.927499999999998,4.5975,18.762500000000003
814,11,65,-7.9875,4.23,19.957500000000003
815,11,66,-4.84,3.755,21.282500000000002
816,11,67,-4.092499999999999,3.7275,20.445
817,11,68,-3.7575,4.0225,19.057499999999997
818,11,69,-2.7424999999999997,4.225,19.5125
819,11,70,-1.1875,4.63,19.8525
820,11,71,-0.9375000000000001,4.567500000000001,20.96
821,11,72,-1.7575,4.172499999999999,19.4025
822,11,73,-1.02,3.8850000000000002,16.0825
823,11,74,-1.365,3.615,13.41
879,12,54,9.16,2.5700000000000003,18.2225
880,12,63,-7.4975000000000005,3.7675,21.35
881,12,64,-7.0,4.367500000000001,18.23
882,12,65,-7.0275,4.1325,18.89
883,12,66,-4.9375,3.6475,21.0
884,12,67,-5.0625,3.66,21.592499999999998
885,12,68,-4.205,4.1075,20.302500000000002
886,12,69,-2.9050000000000002,4.4475,19.4375
887,12,70,-1.11,4.9075,19.0925
888,12,71,-1.0325,4.795,19.314999999999998
889,12,72,-1.4100000000000001,4.495,18.045
890,12,73,-0.9025,4.09,16.2875
891,12,74,-0.8075,3.5425,15.85
948,13,55,10.0075,2.54,19.7725
949,13,64,-5.65,4.19,17.7875
950,13,65,-5.550000000000001,4.1525,17.7025
951,13,66,-5.5025,3.8149999999999995,19.724999999999998
952,13,67,-6.1674999999999995,3.8725,20.4825
953,13,68,-4.945,4.4175,20.13
954,13,69,-4.0975,4.76,18.822499999999998
955,13,70,-3.1775,5.102499999999999,17.107499999999998
956,13,71,-3.1950000000000003,4.9975000000000005,16.259999999999998
957,13,72,-2.2075000000000005,4.465,16.947499999999998
958,13,73,-0.835,3.985,16.2575
959,13,74,-0.3025,3.46,15.927499999999998
1016,14,64,-5.047499999999999,3.3825000000000003,19.8275
1017,14,65,-3.975,3.585,20.42
1018,14,66,-5.9,3.6375,21.57
1019,14,67,-6.960000000000001,4.1125,19.185
1020,14,68,-5.88,4.6850000000000005,18.29
1021,14,69,-4.41,4.8275,18.212500000000002
1022,14,70,-3.6075,4.8025,16.8575
1023,14,71,-3.8125,4.6899999999999995,15.8025
1024,14,72,-3.28,4.112500000000001,16.85
1080,15,65,-5.17,3.0525,22.842499999999998
1081,15,66,-6.3375,3.3549999999999995,21.8825
1082,15,67,-7.539999999999999,4.085,18.4275
1083,15,68,-6.5375,4.545,17.105
1084,15,69,-4.9975000000000005,4.5875,16.67
1085,15,70,-3.3950000000000005,4.359999999999999,16.32
1086,15,72,-3.1574999999999998,3.3674999999999997,18.1725
1087,15,73,-3.6225,2.7075,19.445
1136,16,57,13.515,2.6925,19.0425
1137,16,64,-7.715,2.4175000000000004,24.38
1138,16,66,-5.4775,2.97,24.5175
1139,16,67,-6.422499999999999,3.4575,21.02
1140,16,68,-5.095000000000001,3.82,18.0125
1141,16,69,-3.9624999999999995,4.02,15.12
1142,16,70,-3.2675,3.8575,14.5475
1143,16,71,-2.1125,3.2874999999999996,17.694999999999997
1191,17,58,15.035,2.735,17.26
1193,17,67,-5.5,2.8675,21.9825
1194,17,68,-3.5749999999999997,3.0825,19.5325
1195,17,69,-3.4200000000000004,3.33,15.975
1244,18,65,-3.7199999999999998,2.5725,19.832500000000003
1269,19,21,13.9725,2.3825,20.555
1293,19,67,-1.9075000000000002,2.3725,25.9475
1318,20,21,13.6725,2.8024999999999998,19.9375
1379,21,63,3.7175000000000002,2.5025,18.3
1380,21,68,-2.1975,2.625,18.5075
1381,21,70,-0.735,2.6399999999999997,17.877499999999998
1407,22,19,12.96,2.9724999999999997,18.2375
1408,22,20,13.4225,3.2175000000000002,18.96
1409,22,21,12.9425,2.9925,20.197499999999998
1420,22,44,16.3525,2.4825,21.77
1421,22,47,12.9025,2.4124999999999996,23.5175
1424,22,69,-4.3,2.6900000000000004,19.745
1449,23,20,11.61,3.2725,19.205000000000002
1450,23,21,12.34,3.0324999999999998,20.130000000000003
1457,23,36,7.16,2.4875000000000003,28.092499999999998
1458,23,40,8.25,1.7249999999999999,34.13
1460,23,47,13.4175,2.7,26.1625
1461,23,48,14.745000000000001,2.7325,25.265
1462,23,49,14.754999999999999,3.0275,20.650000000000002
1463,23,50,14.3025,3.09,19.5825
1464,23,51,12.7975,2.9675000000000002,20.715
1465,23,57,9.9075,2.3950000000000005,22.435000000000002
1466,23,62,1.9450000000000003,3.4974999999999996,19.68
1467,23,63,0.9475,3.3074999999999997,22.697499999999998
1468,23,64,0.037500000000000006,2.995,23.627499999999998
1469,23,66,0.09250000000000003,2.6425,18.5875
1470,23,68,-1.1775000000000002,2.6075,21.407500000000002
1471,23,69,-3.5824999999999996,2.705,21.33
1472,23,70,-3.245,2.925,20.7875
1498,24,19,9.02,3.0125,17.795
1499,24,20,9.5875,3.2775,20.904999999999998
1500,24,21,10.72,3.2325,20.5175
1508,24,34,10.895,2.695,25.817500000000003
1509,24,35,10.09,2.915,26.8325
1510,24,36,7.34,2.8699999999999997,26.8725
1511,24,38,5.092499999999999,1.9275,37.9525
1512,24,40,12.200000000000001,1.8925,30.247500000000002
1513,24,45,19.905,2.8975,23.9325
1514,24,46,17.145,3.1225,23.575
1515,24,47,15.582500000000001,3.1350000000000002,24.99
1516,24,48,14.0725,3.15,25.1375
1517,24,50,12.467499999999998,3.0725,24.325
1518,24,52,11.1025,2.7075000000000005,23.247500000000002
1519,24,58,9.182500000000001,2.955,21.6475
1520,24,59,5.9775,3.0675,20.66
1521,24,60,5.859999999999999,3.5699999999999994,19.740000000000002
1522,24,61,5.83,3.9899999999999998,20.28
1523,24,62,3.2899999999999996,4.2525,19.567500000000003
1524,24,63,1.505,4.0600000000000005,20.342499999999998
1525,24,64,1.4425,3.7424999999999997,19.9025
1526,24,65,0.94,3.255,19.0525
1527,24,69,0.7225,2.9725,22.127499999999998
1528,24,70,0.9425,3.2525,21.669999999999998
1529,24,71,-0.55,3.365,19.564999999999998
1530,24,72,-1.455,3.445,17.725
1531,24,73,-0.2175,3.1,17.95
1556,25,18,6.8774999999999995,2.4225,19.0275
1557,25,20,8.4175,3.515,20.8125
1558,25,21,8.4925,3.4025,21.99
1562,25,34,8.0825,3.0225,27.1325
1563,25,35,8.145,2.9925,29.16
1564,25,36,5.7525,2.8825000000000003,27.875
1565,25,37,4.2075,2.445,31.722499999999997
1566,25,38,8.995,2.1475000000000004,33.5025
1567,25,42,21.3,2.08,27.4575
1568,25,44,21.865000000000002,2.67,25.22
1569,25,45,19.9825,3.1474999999999995,23.38
1570,25,46,17.0925,3.2325,24.18
1571,25,47,16.497500000000002,3.3225000000000002,24.057499999999997
1572,25,48,13.212500000000002,3.1999999999999997,25.3725
1573,25,49,12.44,3.2025000000000006,24.549999999999997
1574,25,50,10.5375,2.7199999999999998,27.705
1575,25,52,10.505,2.5075000000000003,27.0375
1576,25,54,10.3875,2.3825,26.1175
1577,25,55,13.222499999999998,2.6325000000000003,26.18
1578,25,57,12.885000000000002,3.345,21.33
1579,25,58,8.33,3.3899999999999997,20.5925
1580,25,59,5.365,3.6199999999999997,19.635
1581,25,60,6.275,4.1825,17.7725
1582,25,61,6.26,4.5625,18.59
1583,25,62,4.632499999999999,4.7825,17.985
1584,25,63,2.475,4.41,18.8875
1585,25,64,1.5775000000000001,4.15,17.1675
1586,25,65,0.395,3.36,18.995
1587,25,66,1.6724999999999999,3.175,18.872500000000002
1588,25,67,3.5375,3.015,20.302500000000002
1589,25,69,3.62,3.2975,19.695
1590,25,70,3.2600000000000002,3.4775,20.722499999999997
1591,25,72,1.7249999999999999,3.5700000000000003,19.095
1592,25,73,0.8700000000000001,3.375,17.8625
1617,26,18,4.9475,2.55,21.2
1618,26,19,6.435,3.2,21.277500000000003
1619,26,20,8.8875,3.5599999999999996,21.78
1620,26,21,8.575,3.62,22.52
1621,26,22,9.15,3.3449999999999998,22.7325
1622,26,24,9.835,2.6075,19.95
1624,26,26,4.835,2.0425,24.785
1626,26,34,7.475,3.3775,26.6175
1627,26,35,6.3725000000000005,3.0175,30.5075
1628,26,36,4.4475,2.6075,30.32
1629,26,37,4.74,2.1675,33.8575
1630,26,39,18.8625,1.9975,32.315
1631,26,40,21.7775,1.9699999999999998,28.560000000000002
1632,26,42,23.17,2.0175,32.3175
1633,26,43,21.677500000000002,2.365,31.795
1634,26,44,20.2225,2.585,29.705
1635,26,45,17.5175,2.8249999999999997,29.879999999999995
1636,26,46,15.7875,2.8349999999999995,30.03
1637,26,47,16.5925,2.8625,28.5575
1638,26,48,15.600000000000001,2.695,29.365
1639,26,51,10.7725,2.1875,31.455
1640,26,52,13.63,2.2925,28.905
1641,26,55,17.2675,3.2424999999999997,24.107499999999998
1642,26,56,17.6625,3.7125000000000004,23.4525
1643,26,57,14.622499999999999,3.7675,23.099999999999998
1644,26,58,10.282499999999999,3.8324999999999996,20.830000000000002
1645,26,59,6.38,3.81,19.965
1646,26,60,6.762499999999999,4.17,18.447499999999998
1647,26,61,6.6,4.6000000000000005,18.07
1648,26,62,5.52,4.7775,17.95
1649,26,63,1.3900000000000001,4.3725,19.689999999999998
1650,26,64,-1.1575000000000002,4.1025,18.724999999999998
1651,26,65,-2.4875,3.445,20.6525
1652,26,67,2.9549999999999996,3.0375,23.4675
1653,26,68,3.4375,3.3125,21.1925
1654,26,69,3.77,3.485,19.405
1655,26,70,3.3625000000000003,3.4875,20.8725
1656,26,71,3.3674999999999997,3.395,21.7425
1657,26,72,3.1,3.48,18.479999999999997
1658,26,73,1.6150000000000002,3.3375,16.96
1659,26,74,-1.1975,2.8375000000000004,18.634999999999998
1682,27,18,3.5,2.6675,20.372500000000002
1683,27,19,5.865,3.26,21.305
1684,27,20,8.2425,3.7975000000000003,21.470000000000002
1685,27,21,8.6075,3.9125000000000005,21.7775
1686,27,22,7.66,3.7525,21.167499999999997
1687,27,23,7.39,3.415,18.877499999999998
1688,27,32,11.572500000000002,3.1225,21.017500000000002
1689,27,33,9.215,3.55,23.705
1690,27,34,6.6425,3.5425,27.912499999999998
1691,27,35,5.7775,3.0875,31.655
1692,27,36,6.08,2.5475,31.575
1693,27,41,24.745000000000005,1.8125,34.997499999999995
1694,27,42,24.6325,1.9949999999999997,35.3825
1695,27,43,20.387500000000003,2.23,36.71
1696,27,44,17.44,2.3475,35.81
1697,27,45,16.045,2.2800000000000002,37.3575
1698,27,46,16.36,2.2325,34.1825
1699,27,47,19.0625,2.2199999999999998,33.0375
1700,27,48,18.0775,2.105,33.364999999999995
1701,27,52,15.642500000000002,1.9625000000000001,33.972500000000004
1702,27,53,16.23,2.0625,32.04
1703,27,54,17.7925,2.4275,27.2125
1704,27,55,17.8375,3.1325,25.4325
1705,27,56,17.7925,3.8049999999999997,23.942500000000003
1706,27,57,14.75,4.085,22.8575
1707,27,58,11.4025,4.2075000000000005,20.7875
1708,27,59,7.0874999999999995,3.9850000000000003,20.755000000000003
1709,27,60,6.345,4.0,19.2725
1710,27,61,6.49,4.25,19.215
1711,27,62,5.75,4.402500000000001,19.667499999999997
1712,27,63,1.04,4.0675,22.795
1713,27,64,-2.28,3.9325,21.177500000000002
1714,27,65,-3.1975000000000002,3.6574999999999998,20.072499999999998
1715,27,66,-0.9624999999999999,3.4025000000000003,19.572499999999998
1716,27,67,1.1625,3.145,22.3425
1717,27,68,1.3725,3.5525,19.295
1718,27,69,0.79,3.6675,18.5425
1719,27,70,-1.1400000000000001,3.3825000000000003,21.99
1720,27,71,-0.9299999999999999,3.2225,23.0775
1721,27,72,0.27999999999999997,3.1825,19.525
1744,28,19,4.2375,3.255,20.9875
1745,28,20,6.777500000000001,3.895,21.81
1746,28,21,7.8175,4.25,22.005000000000003
1747,28,22,7.4825,4.18,21.3475
1748,28,23,7.475,3.7175,19.7675
1749,28,24,6.045,3.3200000000000003,19.0325
1750,28,27,5.0,2.04,27.737499999999997
1751,28,31,9.89,2.4749999999999996,26.1175
1752,28,32,11.77,3.0575,24.1475
1753,28,33,9.454999999999998,3.44,26.815
1754,28,34,6.9174999999999995,3.5425,29.125
1755,28,35,6.654999999999999,3.1774999999999998,29.875
1756,28,36,8.365,2.635,28.9075
1757,28,41,25.0125,1.8249999999999997,38.067499999999995
1758,28,42,24.715,1.9649999999999999,38.16
1759,28,43,19.325,2.0475,40.9175
1760,28,44,17.72,2.03,42.567499999999995
1761,28,55,15.887500000000001,2.78,27.029999999999998
1762,28,56,15.9,3.7075,24.7125
1763,28,57,14.314999999999998,4.227499999999999,23.022499999999997
1764,28,58,10.975,4.3025,21.805
1765,28,59,6.6225,3.9775,21.3325
1766,28,60,4.697500000000001,4.0075,20.1325
1767,28,62,4.4325,4.28,20.447499999999998
1768,28,63,1.6150000000000002,3.9924999999999997,23.027500000000003
1769,28,64,-0.06,3.89,22.0075
1770,28,65,0.017500000000000016,3.7824999999999998,20.400000000000002
1771,28,66,0.81,3.4924999999999997,19.795
1772,28,68,1.2875,3.41,21.497500000000002
1773,28,70,-2.4025,3.365,20.4725
1774,28,71,-5.3975,3.15,21.212500000000002
1775,28,72,-4.41,3.03,18.95
1776,28,75,-1.1800000000000002,2.5700000000000003,20.092499999999998
1800,29,19,1.1125,3.1275,23.4975
1801,29,20,5.325,3.7875,23.3725
1802,29,21,7.062500000000001,4.4475,21.295
1803,29,22,7.0325,4.5649999999999995,19.7725
1804,29,23,7.117500000000001,4.1425,18.917499999999997
1805,29,25,8.514999999999999,2.9125,23.36
1806,29,26,8.8575,2.5325,26.947499999999998
1808,29,31,8.445,2.5,26.625
1809,29,32,9.6725,2.9725,26.54
1810,29,33,8.342500000000001,3.4400000000000004,28.125
1811,29,34,6.6049999999999995,3.595,29.6425
1812,29,35,6.8275,3.3,28.8225
1813,29,36,8.2775,2.7175000000000002,29.61
1814,29,37,11.692499999999999,2.1925,33.3075
1815,29,42,21.185,1.875,41.8
1816,29,44,19.1925,1.6599999999999997,47.575
1823,29,55,10.14,2.15,30.6
1824,29,56,10.602500000000001,3.2825,24.06
1825,29,57,11.485,4.07,22.105
1826,29,58,9.835,4.305,21.6375
1827,29,59,8.34,4.119999999999999,20.777500000000003
1828,29,60,7.2725,4.284999999999999,18.5475
1829,29,61,6.13,4.1525,21.022499999999997
1830,29,62,4.477499999999999,4.3025,21.0675
1831,29,63,3.1175,4.045000000000001,21.839999999999996
1832,29,64,1.7375,4.0424999999999995,21.985
1833,29,65,2.17,4.115,20.857499999999998
1834,29,66,0.9675,3.8875,19.8425
1835,29,67,-0.25249999999999995,3.4025,21.655
1836,29,68,0.25249999999999995,3.2624999999999997,22.212500000000002
1837,29,70,-2.4025,2.9775,19.2825
1862,30,18,-0.11249999999999999,2.595,22.8425
1863,30,19,-1.5775,3.26,22.35
1864,30,20,2.1375,3.6875,22.95
1865,30,21,4.1825,4.192500000000001,22.0975
1866,30,22,5.7675,4.3975,20.6825
1867,30,23,6.6875,4.2875,19.45
1868,30,24,7.7924999999999995,3.94,20.3725
1869,30,25,7.55,3.3925,23.8875
1870,30,26,6.5375000000000005,3.0774999999999997,25.977499999999996
1871,30,28,5.3325,2.0975,30.075
1873,30,31,6.1,2.4225,29.439999999999998
1874,30,33,5.515,3.6925000000000003,28.0375
1875,30,34,6.092499999999999,3.81,28.8425
1876,30,35,7.08,3.3175000000000003,30.104999999999997
1877,30,36,7.914999999999999,2.7275,32.2475
1878,30,37,11.5975,2.2725,34.0275
1879,30,40,10.32,1.7025,39.727500000000006
1880,30,41,14.94,1.7075,43.425
1891,30,57,9.307500000000001,3.42,24.535
1892,30,58,10.6475,3.97,23.0625
1893,30,59,10.469999999999999,4.3425,19.839999999999996
1894,30,60,7.8075,4.5025,18.6775
1895,30,61,5.75,4.4825,20.5625
1896,30,62,3.5749999999999997,4.4275,21.724999999999998
1897,30,63,3.7475,4.46,18.995
1898,30,64,1.9324999999999997,4.365,19.625
1899,30,65,3.27,4.5925,18.9025
1900,30,66,2.2125,4.37,18.215
1901,30,67,1.7375,3.9125,17.4375
1902,30,72,-2.775,2.315,20.82
1929,31,20,0.18750000000000006,3.5124999999999997,22.377499999999998
1930,31,21,2.7024999999999997,3.8325,22.945
1931,31,22,5.12,4.2625,21.415
1932,31,23,5.935,4.8525,17.86
1933,31,24,6.8325,4.715,18.6825
1934,31,25,5.237500000000001,4.1875,21.4475
1935,31,26,2.46,3.67,24.3
1936,31,27,0.43,3.35,23.75
1937,31,32,4.18,3.1100000000000003,29.175
1938,31,33,4.085,3.7875,27.415
1939,31,34,5.285,3.8600000000000003,28.215
1940,31,35,8.682500000000001,3.4,29.845000000000002
1941,31,36,10.5325,2.865,31.999999999999996
1942,31,37,14.215,2.4825,33.115
1943,31,38,13.215,2.11,33.9975
1944,31,39,8.89,1.9049999999999998,33.81999999999999
1957,31,57,9.55,2.9225,24.775
1958,31,58,12.1975,3.915,21.36
1959,31,59,11.8425,4.8475,18.7725
1960,31,60,9.105,5.1325,19.4225
1961,31,61,7.5575,5.365,20.7075
1962,31,62,4.6275,5.1825,21.8875
1963,31,63,2.7475,5.345000000000001,18.7575
1964,31,64,0.71,5.1225000000000005,18.747500000000002
1965,31,65,2.525,5.075,18.7725
1966,31,66,3.2275,4.635,18.1575
1967,31,68,1.9649999999999999,3.5975,17.5825
1968,31,69,1.7675,3.2575000000000003,17.0875
1996,32,20,-1.085,3.0425,24.08
1997,32,21,2.3175,3.255,26.295
1998,32,22,5.055,3.885,23.479999999999997
1999,32,23,5.635,4.6825,19.74
2000,32,24,6.49,4.8525,19.619999999999997
2001,32,25,5.277500000000001,4.545,21.2975
2002,32,26,2.15,4.17,23.3025
2003,32,27,1.0125,4.1175,22.3625
2004,32,28,-0.9575,3.8200000000000003,22.18
2005,32,29,-1.6549999999999998,3.855,20.51
2006,32,30,-1.985,3.62,23.462500000000002
2007,32,31,0.04749999999999993,3.5425000000000004,27.049999999999997
2008,32,32,2.4250000000000003,3.725,27.560000000000002
2009,32,33,4.0975,4.08,27.1775
2010,32,34,6.62,3.81,29.2975
2011,32,35,11.92,3.4399999999999995,29.565
2012,32,36,15.845,3.15,30.41
2013,32,37,17.5925,2.96,31.47
2014,32,38,13.9875,2.525,33.535
2015,32,40,10.434999999999999,1.795,38.214999999999996
2025,32,57,11.5175,3.1625,22.884999999999998
2026,32,58,13.8525,4.2825,20.23
2027,32,59,12.1825,5.3675,19.24
2028,32,60,9.9375,6.14,19.064999999999998
2029,32,61,8.897499999999999,6.76,18.584999999999997
2030,32,62,5.64,6.3075,19.955000000000002
2031,32,63,2.3449999999999998,6.26,18.9575
2032,32,64,0.3325,5.954999999999999,18.48
2033,32,65,1.3725,5.515000000000001,18.8775
2034,32,66,1.8825000000000003,4.8774999999999995,18.86
2035,32,67,1.0225,4.3675,18.75
2036,32,70,0.95,2.995,17.08
2062,33,19,0.94,2.69,24.845
2063,33,20,1.6875,3.0875,24.872500000000002
2064,33,21,3.8299999999999996,3.155,26.575
2065,33,22,4.050000000000001,3.4675,25.2775
2066,33,23,4.6675,3.8625,23.53
2067,33,24,6.865,4.205,22.7325
2068,33,25,6.129999999999999,4.6925,21.380000000000003
2069,33,26,4.0725,5.075,20.435
2070,33,27,2.9600000000000004,5.4799999999999995,18.6925
2071,33,28,0.015,5.12,20.07
2072,33,29,-3.4575000000000005,5.32,19.055
2073,33,30,-6.205,5.1675,20.94
2074,33,31,-4.37,4.8774999999999995,23.365
2075,33,32,-1.1624999999999999,4.3675,25.68
2076,33,33,2.58,4.25,26.1025
2077,33,34,6.2425,3.8075,29.5275
2078,33,35,13.845,3.61,30.27
2079,33,36,20.575,3.5925000000000002,29.305
2080,33,37,22.305,3.4825,29.36
2081,33,38,19.0625,3.0300000000000002,30.6025
2082,33,39,16.8975,2.515,31.57
2083,33,40,15.262500000000001,1.805,39.040000000000006
2093,33,57,11.165000000000001,3.6025,22.6725
2094,33,58,14.232499999999998,4.927499999999999,19.9775
2095,33,59,12.5775,6.1075,19.83
2096,33,60,11.035,7.105,18.887500000000003
2097,33,61,9.3875,7.935,18.35
2098,33,62,6.415,7.655,19.245
2099,33,63,2.9899999999999998,7.1375,19.0975
2100,33,64,0.64,6.4125000000000005,18.8175
2101,33,65,-0.6125,5.615,19.2475
2102,33,66,-0.35,5.0075,19.655
2103,33,67,-0.53,4.672499999999999,19.9325
2104,33,68,0.22249999999999998,4.6274999999999995,18.029999999999998
2105,33,69,-0.04749999999999999,4.2975,16.8175
2106,33,70,-1.0899999999999999,3.58,17.32
2132,34,19,-1.0174999999999998,2.795,22.52
2133,34,20,1.535,3.255,22.8575
2134,34,21,2.9625000000000004,3.3275,22.622500000000002
2135,34,22,2.6100000000000003,3.2625,23.817500000000003
2136,34,23,3.9425,3.0275,26.747500000000002
2137,34,24,7.109999999999999,3.4825,24.590000000000003
2138,34,25,6.017499999999999,4.3,21.3775
2139,34,26,4.945,5.3950000000000005,18.45
2140,34,27,3.575,6.2025,17.6175
2141,34,28,0.4475,6.215,18.7
2142,34,29,-4.4475,6.345,19.025
2143,34,30,-6.79,6.165,20.77
2144,34,31,-5.4875,5.734999999999999,22.9825
2145,34,32,-3.2399999999999998,4.985,25.075
2146,34,33,1.1124999999999998,4.447500000000001,27.942500000000003
2147,34,34,7.4275,4.005,30.7725
2148,34,35,15.95,4.157500000000001,28.1025
2149,34,36,22.14,4.3125,25.7125
2150,34,37,23.847499999999997,3.9625000000000004,26.634999999999998
2151,34,38,22.75,3.2825,28.63
2152,34,39,21.1275,2.52,31.775
2162,34,57,12.6425,3.7024999999999997,24.5775
2163,34,58,14.24,5.2825,21.4375
2164,34,59,12.157499999999999,6.705,20.8825
2165,34,60,9.965,7.7625,20.54
2166,34,61,8.45,8.605,20.112499999999997
2167,34,62,6.050000000000001,8.4825,20.2325
2168,34,63,3.5599999999999996,7.8225,19.885
2169,34,64,0.7325,6.82,19.3275
2170,34,65,-1.7274999999999998,5.984999999999999,19.2175
2171,34,66,-1.3475000000000001,5.5725,19.4
2172,34,67,-0.3375000000000001,5.590000000000001,18.2975
2173,34,68,-0.5875,5.5625,16.5125
2174,34,69,-0.69,5.109999999999999,16.43
2175,34,70,-1.775,4.28,16.25
2176,34,71,-3.3475,3.3925,15.72
2201,35,20,0.585,3.0650000000000004,22.162499999999998
2202,35,21,2.535,3.1925,21.177500000000002
2203,35,22,3.88,3.225,21.132499999999997
2204,35,23,3.21,3.065,23.3775
2205,35,24,4.6125,3.38,23.1375
2206,35,25,3.53,4.155,19.9575
2207,35,26,3.74,5.2675,18.795
2208,35,27,2.6075,6.46,18.099999999999998
2209,35,28,-0.05500000000000005,6.8325,18.3025
2210,35,29,-3.1350000000000002,6.76,19.5225
2211,35,30,-4.422499999999999,6.3,22.7725
2212,35,31,-3.525,5.8675,24.6375
2213,35,32,-0.7175,5.0775,26.625
2214,35,33,3.92,4.6675,28.6725
2215,35,34,10.477500000000001,4.915,27.6525
2216,35,35,16.2425,5.4675,23.682499999999997
2217,35,36,20.185,5.375,21.6675
2218,35,37,22.775,4.43,24.322499999999998
2219,35,38,24.3025,3.5425,26.545
2220,35,39,24.657500000000002,2.6750000000000003,29.154999999999998
2229,35,57,12.68,4.165,22.4075
2230,35,58,12.580000000000002,5.800000000000001,20.955
2231,35,59,10.575,7.1975,21.485
2232,35,60,8.585,8.3025,21.799999999999997
2233,35,61,7.2425,8.844999999999999,21.89
2234,35,62,5.305000000000001,8.73,20.8975
2235,35,63,3.3225000000000002,8.125,20.38
2236,35,64,0.495,7.237500000000001,21.0175
2237,35,65,-1.9825,6.855,19.9425
2238,35,66,-1.0975,6.42,19.900000000000002
2239,35,67,0.3225,6.415,18.974999999999998
2240,35,68,-0.495,6.1000000000000005,18.2
2241,35,69,-0.7549999999999999,5.325,18.470000000000002
2242,35,70,-0.5549999999999999,4.452500000000001,17.1075
2243,35,71,-2.19,3.5250000000000004,15.395
2272,36,19,-0.4625,2.755,17.3725
2273,36,20,2.5025,2.88,20.68
2274,36,21,4.095000000000001,3.0225,20.5775
2275,36,22,4.925,3.1425,20.975
2276,36,23,3.2975000000000003,3.1325000000000003,21.74
2277,36,24,2.2625,3.31,22.125
2278,36,25,0.95,3.7600000000000002,20.564999999999998
2279,36,26,1.5425,4.5875,19.6225
2280,36,27,1.3525,5.9525,18.22
2281,36,28,-0.07500000000000001,6.67,18.375
2282,36,29,-1.5075,6.73,20.3425
2283,36,30,-3.0600000000000005,6.3925,23.35
2284,36,31,-1.8499999999999999,5.92,25.39
2285,36,32,2.5225,5.540000000000001,25.915
2286,36,33,8.215,5.57,25.262500000000003
2287,36,34,12.360000000000001,6.2025,23.740000000000002
2288,36,35,15.43,6.6899999999999995,22.57
2289,36,36,18.2975,6.04,22.18
2290,36,37,20.53,4.9075,23.379999999999995
2291,36,38,22.572499999999998,3.6550000000000002,25.4625
2292,36,39,25.412499999999998,2.6624999999999996,30.03
2293,36,44,28.155,1.6675,40.385000000000005
2294,36,45,26.380000000000003,1.655,41.185
2298,36,49,20.94,1.6725,38.7825
2299,36,55,4.0525,2.1975,27.545
2300,36,56,8.555,3.2099999999999995,23.3325
2301,36,57,10.95,4.447500000000001,22.125
2302,36,58,10.52,5.9825,21.425
2303,36,59,9.825,7.96,19.1925
2304,36,60,8.07,9.3175,18.8875
2305,36,61,5.7625,9.745000000000001,19.115
2306,36,62,3.6025,9.4675,19.002499999999998
2307,36,63,1.9825,8.7475,19.9625
2308,36,64,-0.8,7.6975,21.994999999999997
2309,36,65,-2.9825,7.3725,20.5975
2310,36,66,-1.9,7.12,19.32
2311,36,67,0.5449999999999999,7.055000000000001,18.505
2312,36,68,0.48250000000000004,6.325,18.8175
2313,36,69,0.8600000000000001,5.285,19.502499999999998
2314,36,70,1.67,4.2825,17.47
2344,37,19,1.1975000000000002,2.5050000000000003,19.705
2345,37,20,4.73,2.6674999999999995,20.36
2346,37,21,5.6450000000000005,2.7325,21.2475
2347,37,22,3.9375,2.8025,22.96
2348,37,23,2.7075,2.8075,22.827499999999997
2349,37,24,0.9625000000000001,2.9775,22.112499999999997
2350,37,26,0.59,4.2075000000000005,20.3875
2351,37,27,1.025,5.4624999999999995,19.64
2352,37,28,-0.04999999999999999,6.235,19.875
2353,37,29,-1.7349999999999999,6.6075,20.4775
2354,37,30,-2.9050000000000002,6.715,21.815000000000005
2355,37,31,-0.94,6.072500000000001,25.3925
2356,37,32,3.9949999999999997,5.9075,25.46
2357,37,33,8.485,6.48,23.349999999999998
2358,37,34,10.93,7.545,21.4075
2359,37,35,13.5075,7.91,21.51
2360,37,36,16.985,6.94,21.5225
2361,37,37,19.9125,5.5625,22.552500000000002
2362,37,38,21.245,3.9025,24.7825
2363,37,39,23.015,2.7775,31.795
2364,37,40,25.53,2.2525,35.03
2365,37,41,24.1525,1.94,38.8275
2366,37,42,23.277499999999996,1.9375,39.485
2367,37,43,26.207499999999996,2.0575,39.765
2368,37,44,25.4525,1.9825,41.47
2369,37,45,23.755000000000003,1.8825,42.557500000000005
2370,37,46,22.0375,1.8025000000000002,39.050000000000004
2371,37,48,19.0425,1.7275,36.082499999999996
2372,37,49,16.0675,1.8575,35.71
2373,37,51,16.38,1.8050000000000002,35.07
2375,37,55,5.04,2.5025,27.97
2376,37,56,8.284999999999998,3.5575,24.3475
2377,37,57,8.947499999999998,4.93,21.650000000000002
2378,37,58,8.485,6.6575,19.94
2379,37,59,8.305,8.987499999999999,17.3075
2380,37,60,7.95,10.295,17.0525
2381,37,61,5.305,10.5025,17.6825
2382,37,62,3.3825,10.3225,17.427500000000002
2383,37,63,1.62,9.5275,18.1
2384,37,64,-1.4275,8.02,20.47
2385,37,65,-3.1999999999999997,7.5,19.3675
2386,37,66,-1.79,7.27,18.1625
2387,37,67,0.02500000000000001,6.8925,19.19
2388,37,68,0.15000000000000002,5.9275,20.557499999999997
2389,37,69,0.1525,4.925,20.58
2390,37,70,1.3125,3.8475,18.935
2420,38,21,2.8649999999999998,2.36,22.79
2421,38,25,-0.16000000000000003,3.0025,23.317500000000003
2422,38,26,0.44999999999999996,3.7,23.3775
2423,38,27,-0.2875,4.7749999999999995,21.855
2424,38,28,-0.8625,5.7250000000000005,21.42
2425,38,29,-1.21,6.4575,21.060000000000002
2426,38,30,-1.465,6.744999999999999,21.5
2427,38,31,-0.285,6.175,25.315
2428,38,32,3.885,6.1075,25.4225
2429,38,33,7.5625,6.7625,22.8125
2430,38,34,10.2075,8.0225,19.972499999999997
2431,38,35,12.7875,8.57,19.9
2432,38,36,16.2025,7.717499999999999,20.775
2433,38,37,18.947499999999998,6.285,21.8575
2434,38,38,19.990000000000002,4.3625,24.43
2435,38,39,20.087500000000002,3.1025,30.314999999999998
2436,38,40,19.1375,2.48,36.02
2437,38,41,14.807500000000001,2.2625,38.095
2438,38,42,12.8025,2.3575,38.7175
2439,38,43,13.1625,2.485,40.837500000000006
2440,38,44,13.395,2.455,43.457499999999996
2441,38,45,11.41,2.445,43.07249999999999
2442,38,46,12.29,2.275,41.74
2443,38,47,12.190000000000001,2.0775,40.0125
2444,38,48,14.030000000000001,1.9125,40.0125
2445,38,49,14.2225,2.0149999999999997,36.5875
2446,38,50,17.322499999999998,2.14,33.345
2447,38,51,18.5125,2.1075,31.150000000000002
2448,38,52,16.565,1.9649999999999999,31.475
2449,38,56,9.98,3.9549999999999996,25.5125
2450,38,57,8.9875,5.579999999999999,21.5775
2451,38,58,8.1175,7.5875,18.877499999999998
2452,38,59,7.1925,9.9775,17.2775
2453,38,60,6.530000000000001,11.2075,17.6425
2454,38,61,4.9225,11.4075,18.2775
2455,38,62,3.1325000000000003,10.7825,19.12
2456,38,63,0.5475,9.8375,19.325000000000003
2457,38,64,-2.1075,8.48,19.5275
2458,38,65,-2.99,7.525,19.2575
2459,38,66,-2.2425,7.09,18.905
2460,38,67,-1.1125,6.515000000000001,19.3875
2461,38,68,-1.05,5.475,19.957500000000003
2462,38,69,-1.3325,4.467499999999999,19.36
2493,39,25,-1.955,2.9575,25.24
2494,39,26,-0.8300000000000001,3.7600000000000002,24.345
2495,39,27,-1.1975,4.890000000000001,21.2575
2496,39,28,-1.2149999999999999,5.6425,20.5325
2497,39,29,-0.08499999999999999,6.29,20.5375
2498,39,30,0.4,6.430000000000001,21.165
2499,39,31,0.935,6.057499999999999,24.46
2500,39,32,3.675,5.93,25.0325
2501,39,33,6.647500000000001,6.76,22.2125
2502,39,34,9.4275,7.885,19.912499999999998
2503,39,35,11.95,8.522499999999999,20.09
2504,39,36,15.6025,7.800000000000001,21.8775
2505,39,37,17.58,6.522499999999999,23.6175
2506,39,38,17.6975,4.880000000000001,26.527499999999996
2507,39,39,15.982500000000002,3.7849999999999997,29.2425
2508,39,40,10.0475,3.1725000000000003,34.1725
2509,39,41,3.1700000000000004,3.085,33.3925
2510,39,42,-0.9025,3.4875,31.135
2511,39,43,0.019999999999999962,3.685,33.347500000000004
2512,39,44,2.4875,3.6575,37.480000000000004
2513,39,45,1.6600000000000001,3.5624999999999996,37.089999999999996
2514,39,46,1.0624999999999998,3.2975,37.9225
2515,39,47,2.1575,2.8475,37.25
2516,39,48,8.295,2.3425,38.69499999999999
2517,39,49,12.07,2.2475,34.6625
2518,39,50,17.445,2.5375,29.172500000000003
2519,39,51,17.05,2.48,26.515
2520,39,52,15.782499999999999,2.3525,28.435
2521,39,55,11.200000000000001,3.0949999999999998,27.7625
2522,39,56,10.26,4.505,24.035
2523,39,57,8.795,6.5225,20.7225
2524,39,58,6.9675,8.625,18.735
2525,39,59,4.7524999999999995,10.7875,17.685
2526,39,60,3.3375000000000004,11.970000000000002,18.4925
2527,39,61,2.2275,12.345,18.9525
2528,39,62,0.9075,11.695,19.017500000000002
2529,39,63,-1.2225000000000001,10.629999999999999,18.07
2530,39,64,-2.755,8.99,18.185000000000002
2531,39,65,-3.1174999999999997,7.5525,19.2225
2532,39,66,-3.04,6.54,19.6775
2533,39,67,-3.36,5.5325,20.3475
2534,39,68,-3.785,4.605,20.73
2535,39,69,-3.03,3.7449999999999997,20.497500000000002
2568,40,25,-2.8375,3.065,25.9425
2569,40,26,-1.5100000000000002,3.8674999999999997,23.7225
2570,40,27,-1.0325,5.035,20.377499999999998
2571,40,28,0.5575,5.81,20.5175
2572,40,29,1.2925,6.279999999999999,20.8675
2573,40,30,1.085,6.325,21.255000000000003
2574,40,31,1.7825000000000002,6.0975,23.025000000000002
2575,40,32,4.0125,6.06,23.8725
2576,40,33,5.8025,6.359999999999999,23.93
2577,40,34,7.2675,7.0975,22.3475
2578,40,35,9.765,7.92,21.212500000000002
2579,40,36,12.1775,7.5,23.505
2580,40,37,13.884999999999998,6.5600000000000005,26.6125
2581,40,38,13.93,5.26,30.375
2582,40,39,13.2875,4.43,32.5525
2583,40,40,6.375,3.9625000000000004,34.9425
2584,40,41,-0.9100000000000001,4.23,32.2475
2585,40,42,-6.165,4.895,27.14
2586,40,43,-5.9225,5.145,28.265
2587,40,44,-3.6700000000000004,5.075,31.7525
2588,40,45,-3.24,4.8325000000000005,31.825
2589,40,46,-4.8425,4.36,32.455
2590,40,47,-3.7225,3.6374999999999997,33.495
2591,40,48,2.1399999999999997,2.7849999999999997,36.5475
2592,40,49,10.6775,2.3649999999999998,34.715
2593,40,50,18.3325,2.6224999999999996,27.4925
2594,40,51,16.6725,2.6875,25.565
2595,40,52,14.9975,2.5925,27.3475
2596,40,53,11.885,2.52,28.462500000000002
2597,40,54,10.780000000000001,2.8175000000000003,25.810000000000002
2598,40,55,11.687500000000002,3.6925,23.7175
2599,40,56,10.2725,5.442500000000001,21.302500000000002
2600,40,57,8.825,7.91,19.0925
2601,40,58,6.495,10.0825,18.197499999999998
2602,40,59,3.6224999999999996,11.8475,17.755
2603,40,60,1.7625,12.695,18.5175
2604,40,61,0.38749999999999996,12.5625,19.6025
2605,40,62,-0.8625,11.707500000000001,19.9925
2606,40,63,-2.67,10.497499999999999,19.5325
2607,40,64,-3.865,9.01,19.627499999999998
2608,40,65,-5.780000000000001,7.275,21.384999999999998
2609,40,66,-6.2700000000000005,5.9425,21.6425
2610,40,67,-5.515000000000001,4.85,21.3725
2611,40,68,-5.545,4.032500000000001,20.29
2612,40,69,-4.6625,3.34,20.4925
2645,41,25,-1.7225,3.2325,23.7025
2646,41,26,-0.38249999999999995,3.8825000000000003,22.32
2647,41,27,-0.1875,4.8975,20.92
2648,41,28,0.24749999999999997,5.7825,21.9925
2649,41,29,0.47000000000000003,6.255,22.5825
2650,41,30,1.0450000000000002,6.525,22.0925
2651,41,31,2.6025,6.279999999999999,23.275
2652,41,32,5.3775,6.3225,24.355
2653,41,33,6.3025,6.395,25.3575
2654,41,34,5.2749999999999995,6.987499999999999,24.010000000000005
2655,41,35,6.645,7.782500000000001,22.5675
2656,41,36,8.3675,7.5075,24.032500000000002
2657,41,37,9.545,6.595,27.3
2658,41,38,7.62,5.4225,31.5475
2659,41,39,5.53,4.82,33.73
2660,41,40,0.19499999999999995,4.775,32.9675
2661,41,41,-3.4225,5.215,30.015
2662,41,42,-7.555,5.7275,26.1025
2663,41,43,-6.2375,5.865,28.16
2664,41,44,-6.025,5.715,29.514999999999997
2665,41,45,-5.125,5.2625,30.7175
2666,41,46,-5.42,4.5625,32.3
2667,41,47,-2.7525,3.74,35.7775
2668,41,48,4.1674999999999995,3.0774999999999997,36.415
2669,41,49,12.13,2.7824999999999998,32.2675
2670,41,50,16.695,2.8725,27.395000000000003
2671,41,51,15.1525,2.9899999999999998,24.189999999999998
2672,41,53,10.715,3.01,24.1275
2673,41,54,10.09,3.5225,21.7475
2674,41,55,10.727500000000001,4.717499999999999,19.9025
2675,41,56,10.42,6.85,19.0225
2676,41,57,9.2025,9.317499999999999,18.7925
2677,41,58,6.255,11.2525,18.4025
2678,41,59,3.0,12.4575,17.5175
2679,41,60,1.4025,12.6175,17.6225
2680,41,61,-0.10499999999999998,11.685,19.735
2681,41,62,-1.3925,10.8875,20.2375
2682,41,63,-2.7125000000000004,10.1075,20.017500000000002
2683,41,64,-3.7874999999999996,9.002500000000001,19.82
2684,41,65,-6.9625,7.43,19.78
2685,41,66,-8.5975,5.9275,19.56
2686,41,67,-6.6425,4.8149999999999995,19.68
2687,41,68,-6.1875,3.895,19.689999999999998
2688,41,69,-5.17,3.2025,21.45
2689,41,70,-4.1275,2.785,21.7525
2724,42,26,-1.1400000000000001,3.7475000000000005,24.3875
2725,42,27,-1.165,4.442500000000001,25.360000000000003
2726,42,28,-1.9024999999999999,5.367500000000001,24.689999999999998
2727,42,29,-0.6199999999999999,6.245,23.419999999999998
2728,42,30,1.1624999999999999,6.7075000000000005,23.42
2729,42,31,2.7975000000000003,6.550000000000001,24.052500000000002
2730,42,32,4.45,6.532500000000001,25.4775
2731,42,33,4.6775,6.52,26.2025
2732,42,34,4.2525,6.96,24.945
2733,42,35,5.1425,7.430000000000001,24.33
2734,42,36,7.04,7.1850000000000005,25.27
2735,42,37,7.540000000000001,6.2025,28.189999999999998
2736,42,38,5.06,5.18,31.642500000000005
2737,42,39,1.0425,4.795,31.61
2738,42,40,-1.17,4.977500000000001,31.217499999999998
2739,42,41,-2.3575,5.392499999999999,30.395
2740,42,42,-5.4425,5.6525,28.034999999999997
2741,42,43,-5.05,5.74,27.7975
2742,42,44,-5.18,5.5575,28.795
2743,42,45,-3.15,4.9975000000000005,31.7325
2744,42,46,0.74,4.1325,35.290000000000006
2745,42,47,7.137499999999999,3.45,38.25
2746,42,48,13.692499999999999,3.195,35.042500000000004
2747,42,49,17.3625,3.285,28.910000000000004
2748,42,50,16.705000000000002,3.3225000000000002,26.122500000000002
2749,42,51,14.02,3.5,23.5175
2750,42,52,11.7425,3.6775,22.8125
2751,42,53,11.1175,3.8425,21.9575
2752,42,54,10.662500000000001,4.305,19.5475
2753,42,55,9.6225,5.6075,17.965
2754,42,56,9.6725,8.215,16.845000000000002
2755,42,57,8.362499999999999,10.485,17.895
2756,42,58,6.0975,11.86,18.7775
2757,42,59,3.2275,12.5,17.57
2758,42,60,2.0999999999999996,12.295,16.4975
2759,42,61,1.3125,11.024999999999999,18.375
2760,42,62,0.1525,10.1975,19.8125
2761,42,63,-0.835,9.62,20.1975
2762,42,64,-2.23,8.732500000000002,19.555
2763,42,65,-5.625,7.23,18.56
2764,42,66,-7.56,5.715,19.525
2765,42,67,-5.695,4.5775,21.1025
2766,42,68,-4.405,3.6325000000000003,21.6425
2767,42,70,-3.0425,2.545,24.197499999999998
2802,43,26,-2.4299999999999997,3.5625,24.342499999999998
2803,43,27,-2.9949999999999997,3.9549999999999996,26.1575
2804,43,28,-3.1,4.535,26.0575
2805,43,29,-1.2125,5.6375,24.33
2806,43,30,-0.2525,6.609999999999999,23.3075
2807,43,31,0.3325,6.8425,23.0325
2808,43,32,1.4375,6.645,24.7525
2809,43,33,1.9999999999999998,6.715,24.634999999999998
2810,43,34,2.1574999999999998,6.7875,24.975
2811,43,35,3.9250000000000003,6.795,25.88
2812,43,36,7.510000000000001,6.4125,27.314999999999998
2813,43,37,8.4225,5.555000000000001,29.1025
2814,43,38,6.8,4.6525,30.875
2815,43,39,1.82,4.305,31.269999999999996
2816,43,40,-0.18249999999999997,4.53,31.759999999999998
2817,43,41,-0.6975,4.907500000000001,30.5
2818,43,42,-0.74,4.885,31.18
2819,43,43,1.2974999999999999,4.6525,32.8425
2820,43,44,2.4425,4.3475,33.92
2821,43,45,3.8199999999999994,4.12,33.26
2822,43,46,8.06,3.6625,33.745000000000005
2823,43,47,14.175,3.435,32.6175
2824,43,48,17.7025,3.6025,28.9175
2825,43,49,16.945,3.995,25.1525
2826,43,50,14.6125,4.0875,23.139999999999997
2827,43,51,12.002500000000001,4.09,22.06
2828,43,52,10.557500000000001,4.2225,22.7425
2829,43,53,11.3075,4.1675,23.295
2830,43,54,11.8,4.3999999999999995,22.607499999999998
2831,43,55,9.655,5.905,20.5375
2832,43,56,8.3275,8.862499999999999,17.4675
2833,43,57,6.234999999999999,10.645,18.037499999999998
2834,43,58,4.17,11.7275,18.2625
2835,43,59,2.13,12.195,16.7975
2836,43,60,2.1225,11.920000000000002,16.2675
2837,43,61,2.0425,10.729999999999999,18.2025
2838,43,62,0.6275,10.2375,18.564999999999998
2839,43,63,-1.2125,9.68,18.11
2840,43,64,-1.41,8.585,17.82
2841,43,65,-2.815,7.02,17.4875
2842,43,66,-3.2775000000000003,5.640000000000001,17.6425
2843,43,67,-3.5175,4.415,21.0675
2844,43,68,-1.895,3.4924999999999997,23.0325
2879,44,25,-0.7825,2.8775,21.605
2880,44,26,-2.1550000000000002,3.3925,22.732499999999998
2881,44,28,-1.4374999999999998,3.9924999999999997,24.939999999999998
2882,44,29,0.4375,5.0275,22.7225
2883,44,30,0.11999999999999998,6.2025,21.2625
2884,44,31,-0.34750000000000003,6.797499999999999,20.2325
2885,44,32,-0.2875,6.739999999999999,21.99
2886,44,33,0.7,6.7075,22.9225
2887,44,34,1.1875,6.4025,24.722499999999997
2888,44,35,3.7525000000000004,6.172500000000001,26.1325
2889,44,36,7.24,5.7675,27.59
2890,44,37,9.645,5.15,28.1725
2891,44,38,10.28,4.3100000000000005,30.415
2892,44,39,7.1850000000000005,3.67,33.32
2893,44,40,6.5475,3.5875000000000004,35.2425
2894,44,41,7.67,3.7725000000000004,35.47
2895,44,42,11.899999999999999,3.795,36.652499999999996
2896,44,43,14.317499999999999,3.6325,35.7475
2897,44,44,13.6375,3.5225,34.05
2898,44,45,11.2925,3.58,31.0
2899,44,46,13.4575,3.5175,30.51
2900,44,47,14.945,3.6549999999999994,27.9
2901,44,48,13.975,4.0275,25.035
2902,44,49,12.5625,4.7625,20.3775
2903,44,50,12.5075,4.9750000000000005,18.294999999999998
2904,44,51,10.759999999999998,4.665,20.205
2905,44,52,9.2925,4.57,22.5125
2906,44,53,10.2275,4.375,24.655
2907,44,54,12.24,4.58,26.1375
2908,44,55,9.99,6.3375,24.9075
2909,44,56,6.375,9.2575,20.942499999999995
2910,44,57,3.0875,10.922500000000001,19.4675
2911,44,58,1.935,11.61,18.5775
2912,44,59,1.505,11.377500000000001,17.9075
2913,44,60,1.65,10.795000000000002,18.205
2914,44,61,0.8175,9.995,18.569999999999997
2915,44,62,-0.5175,9.545,17.435
2916,44,63,-2.3175,8.55,16.685
2917,44,64,-2.29,7.4675,17.3675
2918,44,65,-2.6774999999999998,6.4125,17.3025
2919,44,66,-1.5225,5.487500000000001,16.447499999999998
2920,44,67,-1.7625000000000002,4.220000000000001,19.695
2921,44,68,-1.0525,3.3349999999999995,21.8875
2953,45,26,-2.1675,3.0825,22.682499999999997
2954,45,27,-3.1450000000000005,3.4575,22.665000000000003
2955,45,28,-1.7200000000000002,3.9074999999999998,23.005
2956,45,29,1.7075,4.8325,21.615000000000002
2957,45,30,2.065,5.942500000000001,20.7575
2958,45,31,2.0675,6.625,19.85
2959,45,32,1.3875,6.57,21.35
2960,45,33,2.2474999999999996,6.525,22.387500000000003
2961,45,34,2.6025,5.9975000000000005,24.865
2962,45,35,4.7425,5.6850000000000005,26.765
2963,45,36,8.032499999999999,5.540000000000001,26.695
2964,45,37,10.995000000000001,5.3825,26.32
2965,45,38,11.4,4.672499999999999,28.2875
2966,45,39,12.9875,3.8325,31.6575
2967,45,40,15.795000000000002,3.4299999999999997,33.275
2968,45,41,19.56,3.4749999999999996,33.52
2969,45,42,23.2575,3.7800000000000002,31.5775
2970,45,43,24.044999999999998,3.7324999999999995,30.049999999999997
2971,45,44,20.060000000000002,3.5,30.5225
2972,45,45,15.2625,3.4125,28.79
2973,45,46,14.035,3.6399999999999997,28.395
2974,45,47,13.645,4.194999999999999,24.735000000000003
2975,45,48,13.785,4.635000000000001,22.195
2976,45,49,12.4725,5.0725,20.5375
2977,45,50,11.067499999999999,5.202500000000001,20.139999999999997
2978,45,51,7.140000000000001,5.0925,20.045
2979,45,52,4.5675,5.1274999999999995,20.259999999999998
2980,45,53,4.485,5.02,22.802500000000002
2981,45,54,8.3325,5.39,27.6425
2982,45,55,6.8,7.5825,25.9125
2983,45,56,3.8375,10.3475,22.697499999999998
2984,45,57,0.79,11.469999999999999,20.99
2985,45,58,-0.0675,10.9775,20.467499999999998
2986,45,59,0.09250000000000001,9.66,19.942500000000003
2987,45,60,-0.34500000000000003,8.605,20.310000000000002
2988,45,61,-0.8475,7.8774999999999995,20.17
2989,45,62,-1.845,7.407499999999999,18.8675
2990,45,63,-2.72,6.442500000000001,18.1575
2991,45,64,-2.9450000000000003,5.8549999999999995,19.3325
2992,45,65,-3.9,5.375,19.047500000000003
2993,45,66,-3.6125,4.8825,17.9125
2994,45,67,-2.3249999999999997,4.010000000000001,17.3125
2995,45,69,-3.2399999999999998,2.545,22.8775
2996,45,70,-2.7125,2.2625,25.0475
3030,46,26,-3.535,3.0949999999999998,22.455
3031,46,28,-2.1675,3.8875,22.2725
3032,46,29,2.44,4.725,21.03
3033,46,30,4.867500000000001,5.89,19.765
3034,46,31,5.175000000000001,6.4975,19.6725
3035,46,32,3.8575,6.3275,21.39
3036,46,33,3.9800000000000004,6.195,22.52
3037,46,34,4.5875,5.6375,24.787499999999998
3038,46,35,5.53,5.47,26.195
3039,46,36,8.1175,5.5575,26.9525
3040,46,37,10.9625,5.645,27.122500000000002
3041,46,38,12.105,5.005,28.8425
3042,46,39,15.677500000000002,4.102499999999999,29.8575
3043,46,40,20.215,3.5399999999999996,29.46
3044,46,41,24.905,3.6225,28.51
3045,46,42,27.2275,4.032500000000001,25.805
3046,46,43,26.652500000000003,4.1025,25.0775
3047,46,44,22.405,3.8099999999999996,26.712500000000002
3048,46,45,18.38,3.72,25.287499999999998
3049,46,46,15.75,4.0175,26.2975
3050,46,47,15.102500000000001,4.637499999999999,24.695
3051,46,48,15.3025,4.765000000000001,24.6975
3052,46,49,13.01,4.915000000000001,23.887500000000003
3053,46,50,8.090000000000002,5.484999999999999,21.7975
3054,46,51,2.8600000000000003,5.93,19.6675
3055,46,52,0.5675,6.3225,19.5475
3056,46,53,-0.53,6.55,21.1475
3057,46,54,1.2225000000000001,7.202500000000001,24.95
3058,46,55,1.1300000000000001,9.2,24.035
3059,46,56,-0.35500000000000004,11.434999999999999,21.805
3060,46,57,-1.7850000000000001,11.59,21.28
3061,46,58,-1.83,10.05,21.174999999999997
3062,46,59,-1.3925,8.075,20.915
3063,46,60,-2.6574999999999998,6.99,19.43
3064,46,61,-2.3225000000000002,6.0874999999999995,19.810000000000002
3065,46,62,-1.4375,5.285,20.939999999999998
3066,46,63,-1.2999999999999998,4.51,21.715
3067,46,64,-2.4725,4.255000000000001,22.332500000000003
3068,46,65,-5.3925,4.4275,20.6725
3069,46,67,-5.3875,3.4375,19.7425
3096,47,25,-1.21,2.6975,25.0575
3097,47,27,-3.785,3.4749999999999996,22.950000000000003
3098,47,28,-2.225,3.695,24.0225
3099,47,29,2.6025,4.4025,22.42
3100,47,30,5.4375,5.36,21.7575
3101,47,31,4.7625,5.96,21.9125
3102,47,32,3.7750000000000004,6.04,21.200000000000003
3103,47,33,3.96,5.86,22.07
3104,47,34,4.907500000000001,5.3325,23.924999999999997
3105,47,35,4.135,5.385,25.0375
3106,47,36,6.425000000000001,5.755,25.86
3107,47,37,9.1925,5.74,26.865000000000002
3108,47,38,11.05,4.9825,28.8625
3109,47,39,13.74,4.0225,31.450000000000003
3110,47,40,18.6475,3.67,29.685000000000002
3111,47,41,22.665000000000003,3.805,27.825
3112,47,42,23.884999999999998,3.9850000000000003,27.4925
3113,47,43,23.42,4.135,27.95
3114,47,44,21.015,4.3999999999999995,24.53
3115,47,45,19.1875,4.67,21.2625
3116,47,46,16.2575,4.9025,23.342499999999998
3117,47,47,14.9625,5.4725,23.3675
3118,47,48,14.515,5.91,22.7375
3119,47,49,11.95,5.8775,24.31
3120,47,50,5.227499999999999,6.7575,21.57
3121,47,51,0.3750000000000001,7.612500000000001,18.9125
3122,47,52,-1.62,8.219999999999999,19.13
3123,47,53,-3.8074999999999997,8.6025,20.2575
3124,47,54,-3.4124999999999996,9.0275,22.3925
3125,47,55,-2.9775,9.95,22.44
3126,47,56,-3.2,10.39,22.212500000000002
3127,47,57,-2.8375,9.5975,22.7575
3128,47,58,-1.8225,8.3375,21.96
3129,47,59,-1.385,7.085,20.61
3130,47,60,-2.235,6.1625,19.61
3131,47,61,-2.015,5.04,21.665
3132,47,62,-2.85,4.1625,23.8675
3133,47,63,-2.2675,3.6825,24.13
3134,47,64,-1.6824999999999999,3.58,23.34
3135,47,65,-3.355,3.7975,21.03
3136,47,66,-6.225,3.6574999999999998,19.22
3137,47,67,-6.427499999999999,2.9175,21.625
3138,47,70,-4.06,2.005,26.6175
3167,48,22,-0.8500000000000001,2.7375,21.935
3168,48,23,0.7575000000000001,2.9275,25.735000000000003
3169,48,24,1.6975,3.21,27.125
3170,48,25,0.5175,3.51,25.2325
3171,48,26,-0.6,3.725,22.095
3172,48,27,-2.85,3.7025,22.0525
3173,48,28,-2.4250000000000003,3.715,24.1675
3174,48,29,0.3575,3.9275,24.7675
3175,48,30,4.0675,4.5575,23.647499999999997
3176,48,31,3.7575000000000003,5.2075000000000005,23.3175
3177,48,32,3.0575,5.5175,21.34
3178,48,33,4.23,5.4625,21.3625
3179,48,34,4.8975,5.165,22.7425
3180,48,35,4.5625,5.0575,25.2525
3181,48,36,5.94,5.2,26.385
3182,48,37,8.612499999999999,5.199999999999999,27.055
3183,48,38,10.5275,4.59,29.857499999999998
3184,48,39,11.2475,3.71,33.505
3185,48,40,13.67,3.4675000000000002,32.63
3186,48,41,15.3,3.8325,29.5775
3187,48,42,14.685,4.33,28.310000000000002
3188,48,43,14.455000000000002,4.9125,27.3475
3189,48,44,15.745,5.51,23.59
3190,48,45,16.9825,6.1225,20.815
3191,48,46,15.067499999999999,6.535,22.492499999999996
3192,48,47,12.6675,7.547499999999999,22.137500000000003
3193,48,48,11.71,8.45,20.4775
3194,48,49,9.2825,8.33,22.4425
3195,48,50,3.005,8.7925,22.092499999999998
3196,48,51,-2.2800000000000002,9.685,20.490000000000002
3197,48,52,-4.065,10.172500000000001,19.3575
3198,48,53,-5.097499999999999,10.06,19.25
3199,48,54,-5.01,9.47,20.3625
3200,48,55,-4.5,9.004999999999999,21.58
3201,48,56,-3.0624999999999996,8.067499999999999,23.2
3202,48,57,-1.89,7.1,23.9725
3203,48,58,-0.3375,6.482499999999999,22.689999999999998
3204,48,59,-0.9024999999999999,6.025,21.4225
3205,48,60,-2.195,5.8225,20.1175
3206,48,61,-3.5475000000000003,4.977500000000001,20.362499999999997
3207,48,62,-4.26,4.1325,22.752499999999998
3208,48,63,-3.495,3.745,23.747500000000002
3209,48,64,-2.185,3.6675000000000004,22.3575
3210,48,65,-2.995,3.515,20.8375
3211,48,66,-6.6075,3.25,20.135
3242,49,23,4.540000000000001,4.29,25.175
3243,49,24,4.14,5.6525,23.32
3244,49,25,2.235,6.2700000000000005,22.2475
3245,49,26,-0.21,5.869999999999999,21.1925
3246,49,27,-2.5425,4.615,22.25
3247,49,28,-2.865,3.8825,24.7325
3248,49,29,-2.045,3.5600000000000005,27.015
3249,49,31,1.8874999999999997,4.355,27.195
3250,49,32,4.9625,4.665,25.302500000000002
3251,49,33,7.199999999999999,4.75,24.425
3252,49,34,6.739999999999999,4.5375,24.979999999999997
3253,49,35,6.272500000000001,4.3375,26.71
3254,49,36,6.7825,4.4125,26.39
3255,49,37,7.9799999999999995,4.3999999999999995,27.525
3256,49,38,9.2475,4.072500000000001,31.125
3257,49,39,9.672500000000001,3.5324999999999998,33.5025
3258,49,40,8.715,3.4649999999999994,31.215
3259,49,41,7.244999999999999,3.9750000000000005,27.3375
3260,49,42,5.995,4.9925,24.9075
3261,49,43,7.5475,6.3,23.130000000000003
3262,49,44,10.3425,6.9975000000000005,22.565
3263,49,45,11.96,7.495,22.642500000000002
3264,49,46,11.302500000000002,8.335,23.009999999999998
3265,49,47,9.98,10.057500000000001,21.705000000000002
3266,49,48,10.1525,11.190000000000001,21.5225
3267,49,49,7.68,11.14,23.0675
3268,49,50,2.425,11.397499999999999,23.1475
3269,49,51,-1.6524999999999999,12.067499999999999,21.052500000000002
3270,49,52,-3.4475,11.777500000000002,19.1175
3271,49,53,-4.3275,10.352500000000001,18.657500000000002
3272,49,54,-4.585,8.25,20.5975
3273,49,55,-4.26,6.745,21.46
3274,49,56,-0.8975,5.675,22.8375
3275,49,57,2.0575,5.395,22.8575
3276,49,58,3.19,5.1775,23.845
3277,49,59,0.7100000000000001,5.114999999999999,23.895
3278,49,60,-1.1825,5.3175,22.0075
3279,49,61,-2.8725,4.779999999999999,20.384999999999998
3280,49,62,-3.1350000000000002,4.0575,21.755
3281,49,63,-3.0275,3.6125,23.1675
3282,49,64,-2.615,3.7074999999999996,21.8075
3283,49,65,-3.545,3.3125,21.642500000000002
3284,49,66,-6.2700000000000005,2.8225,23.872500000000002
3285,49,67,-7.025,2.565,25.9025
3286,49,68,-4.1899999999999995,2.3175,26.98
3317,50,22,6.409999999999999,4.065,27.58
3318,50,23,7.05,6.904999999999999,24.3575
3319,50,24,4.6850000000000005,9.7525,23.707499999999996
3320,50,25,1.5,10.46,23.5925
3321,50,26,-2.075,8.78,23.6425
3322,50,27,-3.1674999999999995,6.015,24.0775
3323,50,28,-2.71,4.460000000000001,23.5275
3324,50,29,-1.6549999999999998,3.7725000000000004,24.3125
3325,50,30,-1.335,3.83,25.92
3326,50,31,0.7725,3.92,28.384999999999998
3327,50,32,6.272500000000001,3.8825000000000003,29.505000000000003
3328,50,33,8.9125,4.0874999999999995,27.055
3329,50,34,8.387500000000001,4.115,26.2525
3330,50,35,7.797500000000001,3.8774999999999995,27.035
3331,50,36,8.077499999999999,3.6599999999999997,27.634999999999998
3332,50,37,7.535,3.4725,30.055
3333,50,38,6.647499999999999,3.31,33.4375
3334,50,39,4.952500000000001,3.1925,33.6325
3335,50,40,3.575,3.415,30.2
3336,50,41,2.425,4.09,26.4525
3337,50,42,2.3125,5.335,23.060000000000002
3338,50,43,5.4174999999999995,6.95,21.465
3339,50,44,7.0325,7.975,21.1375
3340,50,45,7.477499999999999,8.584999999999999,22.72
3341,50,46,7.647499999999999,9.6775,22.9025
3342,50,47,7.59,11.665000000000001,22.335
3343,50,48,7.427499999999999,13.040000000000001,23.2775
3344,50,49,4.9174999999999995,13.4925,23.9625
3345,50,50,1.525,13.9725,22.785
3346,50,51,-0.5725,14.364999999999998,20.005000000000003
3347,50,52,-1.91,12.76,18.3675
3348,50,53,-3.2725000000000004,9.545,18.872500000000002
3349,50,54,-3.685,6.505,20.7025
3350,50,55,-2.4675000000000002,5.1075,20.7875
3351,50,56,1.4024999999999999,4.505000000000001,21.8625
3352,50,57,4.395,4.6825,22.23
3353,50,58,5.6125,4.765,23.002499999999998
3354,50,59,3.28,4.795,23.9325
3355,50,60,1.73,4.807499999999999,23.8175
3356,50,61,0.7975,4.545,22.745
3357,50,62,1.1825,4.1925,22.1325
3358,50,63,-0.5325,3.7625,22.1125
3359,50,64,-2.87,3.5025000000000004,22.290000000000003
3360,50,65,-5.165,2.9924999999999997,22.32
3361,50,66,-6.5725,2.525,25.222499999999997
3393,51,22,7.4174999999999995,5.02,27.560000000000002
3394,51,23,7.5249999999999995,8.897499999999999,25.3575
3395,51,24,4.6625,12.462499999999999,25.7825
3396,51,25,1.3425,13.5225,25.562500000000004
3397,51,26,-1.705,11.260000000000002,25.0125
3398,51,27,-1.78,7.617500000000001,24.55
3399,51,28,-1.7,5.315,22.495
3400,51,29,-0.5725,4.404999999999999,20.677500000000002
3401,51,30,-1.2875,4.0225,23.740000000000002
3402,51,31,0.37,3.6675,27.4225
3403,51,32,5.24,3.4175,30.707500000000003
3404,51,33,7.9825,3.4925,28.24
3405,51,34,7.897500000000001,3.5149999999999997,27.3725
3406,51,35,7.0725,3.3375000000000004,26.842499999999998
3407,51,36,7.1850000000000005,3.1875,27.7975
3408,51,37,6.362499999999999,2.9125,31.15
3409,51,38,4.8975,2.6925,35.1125
3410,51,39,1.77,2.8925,34.0625
3411,51,40,0.7774999999999999,3.2875,31.75
3412,51,41,0.5,4.005,27.615000000000002
3413,51,42,0.555,5.1575,23.9025
3414,51,43,3.1625,6.4425,22.5775
3415,51,44,5.135,7.66,21.064999999999998
3416,51,45,4.8725000000000005,8.5375,21.525
3417,51,46,4.935,9.555,22.527499999999996
3418,51,47,4.5249999999999995,11.205,22.797500000000003
3419,51,48,3.5925000000000002,12.89,23.8825
3420,51,49,1.1125,13.95,24.294999999999998
3421,51,50,-0.4225,14.815000000000001,22.395
3422,51,51,-0.245,14.584999999999999,19.3075
3423,51,52,-0.9724999999999999,11.965,18.044999999999998
3424,51,53,-2.3575,8.1875,18.517500000000002
3425,51,54,-2.7125,5.2825,20.0575
3426,51,55,-0.3275,4.175,21.377499999999998
3427,51,56,3.4475,3.8275,23.2875
3428,51,57,6.7299999999999995,4.112499999999999,23.624999999999996
3429,51,58,7.3975,4.4375,23.215
3430,51,59,5.347499999999999,4.76,22.875
3431,51,60,5.1575,4.8725,23.5375
3432,51,61,4.6675,4.9575,22.6225
3433,51,62,3.2650000000000006,4.6049999999999995,21.715
3434,51,63,0.88,3.9549999999999996,20.035000000000004
3435,51,64,-0.8200000000000001,3.2049999999999996,21.8325
3436,51,67,-3.5875,1.8250000000000002,27.615000000000002
3465,52,21,3.6475,3.625,25.985
3466,52,22,5.032500000000001,5.785,26.52
3467,52,23,5.555000000000001,9.4375,25.9125
3468,52,24,3.3625,12.6825,26.765
3469,52,25,1.0550000000000002,13.9075,26.0925
3470,52,26,-0.82,11.7225,25.1925
3471,52,27,-0.9649999999999999,8.305,24.3125
3472,52,28,-1.6075,5.822500000000001,22.580000000000002
3473,52,29,-2.08,4.625,21.750000000000004
3474,52,30,-3.2675,3.7600000000000002,25.0675
3475,52,31,-1.7375,3.175,27.28
3476,52,32,1.7475,2.8600000000000003,30.74
3477,52,33,5.637499999999999,2.8225000000000002,29.01
3478,52,34,6.3075,2.8999999999999995,27.9325
3479,52,35,5.672499999999999,2.705,28.1725
3480,52,38,5.18,2.1925,38.63
3481,52,39,2.405,2.4524999999999997,36.402499999999996
3482,52,40,1.09,2.79,35.2275
3483,52,41,-0.12749999999999995,3.5549999999999997,29.87
3484,52,42,-0.315,4.535,25.8575
3485,52,43,1.6825,5.535,24.5
3486,52,44,4.7625,6.5225,23.4725
3487,52,45,5.0249999999999995,7.7575,21.66
3488,52,46,3.645,8.7825,22.095
3489,52,47,1.91,9.99,21.67
3490,52,48,0.44749999999999995,11.137500000000001,22.7575
3491,52,49,-0.8375,12.354999999999999,22.8
3492,52,50,-1.12,12.85,22.17
3493,52,51,-0.595,12.195,19.6575
3494,52,52,-1.18,9.515,18.7925
3495,52,53,-2.04,6.4475,18.6675
3496,52,54,-1.715,4.3325,19.9275
3497,52,55,0.5225,3.615,22.3675
3498,52,56,3.59,3.5149999999999997,23.7325
3499,52,57,6.482499999999999,3.7125,23.5175
3500,52,58,6.205000000000001,4.0649999999999995,23.4125
3501,52,59,4.27,4.3825,23.8125
3502,52,60,4.99,4.835,23.259999999999998
3503,52,61,4.414999999999999,5.33,20.75
3504,52,62,2.88,5.1225,19.9875
3505,52,63,1.08,4.2175,18.9825
3533,53,16,-0.38249999999999995,2.3625,22.985
3534,53,19,0.34750000000000003,2.4325,20.3625
3535,53,21,2.6374999999999997,3.8550000000000004,24.275000000000002
3536,53,22,3.1449999999999996,5.782500000000001,24.7325
3537,53,23,4.295,8.425,23.955
3538,53,24,2.7150000000000003,10.8625,24.845000000000002
3539,53,25,1.22,12.017500000000002,24.3575
3540,53,26,0.0775,10.867500000000001,23.48
3541,53,27,-1.6775,8.465,22.5925
3542,53,28,-4.13,6.1725,21.327499999999997
3543,53,29,-6.2475000000000005,4.4825,22.6625
3544,53,30,-5.427499999999999,3.38,26.615
3545,53,31,-3.9225,2.745,28.462500000000002
3546,53,32,1.28,2.31,31.925
3547,53,34,5.4,2.1,34.665
3548,53,36,4.0075,1.9875,32.5175
3549,53,38,5.074999999999999,1.835,38.96
3550,53,39,4.56,2.1025,36.3275
3551,53,40,5.305,2.5075000000000003,34.515
3552,53,41,2.2800000000000002,3.21,30.384999999999998
3553,53,42,2.05,3.7024999999999997,29.819999999999997
3554,53,43,2.2375,4.4825,28.3775
3555,53,44,3.4275,5.285,27.8325
3556,53,45,3.1325,6.49,24.725
3557,53,46,2.46,7.385000000000001,23.425000000000004
3558,53,47,1.0025,8.35,21.6925
3559,53,48,-0.46749999999999997,8.98,22.252499999999998
3560,53,49,-1.6975,9.907499999999999,21.4725
3561,53,50,-1.095,9.7725,21.509999999999998
3562,53,51,-0.8099999999999999,8.772499999999999,20.127499999999998
3563,53,52,-2.02,6.8225,20.35
3564,53,53,-3.3625000000000003,5.055,19.945
3565,53,55,-1.9649999999999999,3.5300000000000002,21.257499999999997
3566,53,57,2.0925,3.2624999999999997,23.685000000000002
3567,53,58,2.9975,3.3625,24.885
3568,53,59,1.6549999999999998,3.6325000000000003,26.025000000000002
3569,53,60,1.72,4.2375,24.1625
3570,53,61,1.0574999999999999,4.775,21.370000000000005
3571,53,62,0.645,4.742500000000001,20.3675
3572,53,63,-0.3,4.005000000000001,19.884999999999998
3573,53,64,-0.9125,3.1149999999999998,21.0875
3602,54,16,0.24500000000000002,2.3525,20.935
3603,54,18,1.8125,2.4,20.5475
3604,54,21,1.205,3.3999999999999995,23.507500000000004
3605,54,22,1.9949999999999999,4.6825,23.235
3606,54,23,3.5925000000000002,6.495,21.9325
3607,54,24,2.455,8.475,22.09
3608,54,25,1.2574999999999998,9.762500000000001,21.055
3609,54,26,-0.065,9.389999999999999,20.405
3610,54,27,-2.8499999999999996,8.1,18.29
3611,54,28,-5.9725,6.282500000000001,18.3275
3612,54,29,-8.38,4.3825,22.0925
3613,54,30,-6.2375,3.3,26.6175
3615,54,34,5.7975,1.73,35.39
3616,54,39,7.0575,1.7425000000000002,35.0475
3617,54,40,8.105,2.16,32.9625
3618,54,41,8.215,2.7750000000000004,30.1725
3619,54,42,9.1325,3.185,30.3675
3620,54,43,5.98,3.67,29.2275
3621,54,44,1.885,4.475,28.4625
3622,54,45,-0.027500000000000024,5.535,25.02
3623,54,46,0.75,6.42,23.0625
3624,54,47,1.6375,6.8325000000000005,22.435000000000002
3625,54,48,0.605,7.1325,22.765
3626,54,49,-0.56,7.63,21.7375
3627,54,50,0.21250000000000002,7.26,21.837500000000002
3628,54,51,-1.1324999999999998,6.5675,20.9175
3629,54,52,-3.635,5.38,20.7125
3630,54,53,-4.9799999999999995,4.84,19.675
3631,54,54,-5.4825,4.2575,19.6425
3632,54,55,-4.602499999999999,4.005,20.075
3633,54,56,-3.4175,3.5999999999999996,21.4075
3634,54,57,-2.8875,2.9975,23.6575
3635,54,59,0.40249999999999997,2.8375,28.392500000000002
3636,54,60,0.04749999999999996,3.255,26.8425
3637,54,61,-1.7149999999999999,3.605,24.384999999999998
3638,54,62,-1.6975000000000002,3.8,23.85
3639,54,63,-2.1500000000000004,3.4525,24.392500000000002
3671,55,18,1.2575,2.2649999999999997,19.285
3672,55,20,1.5225,2.5325,21.6025
3673,55,22,1.1525,3.655,22.3525
3674,55,23,2.6125000000000003,4.9975000000000005,19.535
3675,55,24,2.395,6.2725,19.115000000000002
3676,55,25,1.9525,7.22,18.73
3677,55,26,0.1325,7.4275,18.415
3678,55,27,-3.7025000000000006,7.0625,16.6725
3679,55,28,-6.9325,5.950000000000001,17.247500000000002
3680,55,29,-8.725,4.1525,22.0075
3681,55,30,-6.9825,3.1875,26.5775
3682,55,32,3.0625,2.0775,32.4625
3686,55,42,10.745000000000001,2.6999999999999997,28.4325
3687,55,43,6.765000000000001,3.01,28.085
3688,55,44,0.46249999999999997,3.63,28.4775
3689,55,45,-2.9425,4.57,24.755
3690,55,46,-0.935,5.2025,24.525000000000002
3691,55,47,1.7325,5.6725,23.865000000000002
3692,55,48,2.4475000000000002,6.102500000000001,23.490000000000002
3693,55,49,1.9425,6.365,22.857499999999998
3694,55,50,1.8925,6.414999999999999,20.415
3695,55,51,-0.45999999999999996,5.7575,19.612499999999997
3696,55,52,-3.185,4.9325,19.0175
3697,55,53,-4.4825,4.5325,19.2525
3698,55,54,-6.302499999999999,4.21,19.115
3699,55,55,-5.885,4.13,19.255000000000003
3700,55,56,-4.875,3.6550000000000002,19.73
3701,55,57,-4.5675,2.9375,21.909999999999997
3702,55,59,1.52,2.52,24.447499999999998
3703,55,60,1.24,2.73,26.444999999999997
3704,55,61,-3.2275,3.0425,25.507499999999997
3705,55,62,-6.33,3.135,25.335
3706,55,63,-7.5,2.9125,25.259999999999998
3741,56,22,1.0975000000000001,2.8025,23.855
3742,56,23,2.645,3.98,20.625
3743,56,24,3.5324999999999998,5.2375,18.3825
3744,56,25,2.7925000000000004,5.7825,19.025
3745,56,26,-0.6399999999999999,6.047499999999999,18.7775
3746,56,27,-5.55,5.885,18.372500000000002
3747,56,28,-8.125,5.1775,19.5975
3748,56,29,-9.355,3.6825,24.985
3749,56,30,-7.87,2.8324999999999996,29.145000000000003
3750,56,31,-4.932499999999999,2.4074999999999998,30.9475
3751,56,32,1.72,2.09,32.9825
3754,56,44,-0.30000000000000004,2.795,28.5275
3755,56,45,-3.1325,3.475,25.8575
3756,56,46,-0.315,3.995,26.5325
3757,56,47,3.1325,4.592499999999999,23.775
3758,56,48,4.6850000000000005,5.322500000000001,22.36
3759,56,49,4.879999999999999,5.879999999999999,20.9625
3760,56,50,4.07,6.0175,19.674999999999997
3761,56,51,0.5700000000000001,5.1075,19.737500000000004
3762,56,52,-2.315,4.2775,19.645000000000003
3763,56,54,-5.7025,3.8175,19.93
3764,56,55,-5.902500000000001,3.6275,20.76
3765,56,56,-4.672499999999999,3.1625,21.674999999999997
3767,56,61,-2.87,2.5999999999999996,24.442500000000003
3799,57,24,3.875,5.465,17.8525
3800,57,25,2.3449999999999998,5.7,18.4025
3801,57,26,-2.4075,5.5,20.3375
3802,57,27,-8.28,5.04,22.075000000000003
3803,57,28,-10.612499999999999,4.41,23.514999999999997
3804,57,29,-9.7675,3.3975,26.145
3805,57,30,-5.795,2.5825,31.2175
3808,57,45,-1.6375,2.59,28.645000000000003
3809,57,47,4.4375,3.6999999999999997,25.615000000000002
3810,57,48,5.46,4.5875,22.945
3811,57,49,5.535,5.305000000000001,20.705
3812,57,50,4.69,5.3025,19.67
3813,57,51,1.5299999999999998,4.2825,20.84
3814,57,53,-3.2849999999999997,3.2749999999999995,20.7275
3815,57,55,-4.789999999999999,2.83,23.145
3816,57,63,-11.584999999999999,2.25,25.8775
3851,58,22,1.52,3.6149999999999993,20.245
3852,58,23,3.3825000000000003,4.8999999999999995,19.9675
3853,58,24,1.9449999999999998,6.0075,19.905
3854,58,25,-0.515,6.2275,19.110000000000003
3855,58,26,-4.7924999999999995,5.715000000000001,19.8425
3856,58,27,-8.9975,4.8225,21.042500000000004
3857,58,28,-11.11,3.7199999999999998,24.845
3858,58,29,-10.34,2.855,28.7575
3859,58,30,-5.785,2.2275,34.945
3860,58,31,0.7050000000000001,1.875,37.477500000000006
3865,58,42,2.7699999999999996,2.145,31.560000000000002
3866,58,46,5.41,2.56,27.397499999999997
3867,58,47,7.18,3.24,24.64
3868,58,48,4.2700000000000005,4.0024999999999995,23.572499999999998
3869,58,49,2.2624999999999997,4.475,21.8925
3870,58,50,1.71,4.2275,20.61
3871,58,51,1.5899999999999999,3.565,21.155
3872,58,52,-1.665,3.015,23.015
3873,58,54,-4.78,3.1275000000000004,17.130000000000003
3908,59,22,1.56,4.619999999999999,19.2275
3909,59,23,0.9149999999999999,5.952500000000001,19.8475
3910,59,24,-1.36,6.57,20.7925
3911,59,25,-4.325,6.592499999999999,18.802500000000002
3912,59,26,-7.5875,5.7700000000000005,18.195
3913,59,27,-9.165,4.574999999999999,19.535
3914,59,28,-9.43,3.3074999999999997,24.005000000000003
3917,59,42,2.6875,2.1375,33.33
3918,59,46,6.300000000000001,2.58,22.9075
3919,59,48,2.1350000000000002,3.7275,20.799999999999997
3920,59,49,0.665,3.7950000000000004,20.6975
3921,59,50,0.56,3.3275,22.4525
3922,59,51,0.6275,2.935,22.125
3923,59,52,-3.24,2.705,21.372500000000002
3924,59,53,-5.1975,2.885,17.3925
3960,60,21,0.125,3.2325,18.95
3961,60,22,1.275,4.734999999999999,18.9925
3962,60,23,-0.24499999999999997,6.1450000000000005,20.005
3963,60,24,-3.1425,6.7675,19.919999999999998
3964,60,25,-6.227499999999999,6.647500000000001,17.8475
3965,60,26,-7.619999999999999,5.702500000000001,18.1075
3966,60,27,-7.805,4.3175,21.335
3967,60,29,-6.847499999999999,2.4425,29.525000000000002
3970,60,40,7.67,1.925,29.560000000000002
3971,60,48,1.9874999999999998,3.285,21.715
3972,60,49,0.655,3.175,23.3875
3973,60,51,-0.75,2.5425,24.564999999999998
4012,61,23,-0.3125,5.505,20.185
4013,61,24,-1.6749999999999998,6.4525,19.497500000000002
4014,61,25,-4.2524999999999995,6.365,18.5625
4015,61,26,-5.015000000000001,5.555,18.8525
4016,61,27,-4.8549999999999995,4.37,22.185000000000002
4017,61,28,-3.2275,3.3475,26.16
4018,61,30,-2.365,2.1624999999999996,30.0775
4019,61,37,12.1025,2.62,19.3625
4020,61,41,4.324999999999999,1.8825,30.130000000000003
4021,61,43,7.6525,2.1075,29.61
4022,61,48,2.0774999999999997,2.79,22.627499999999998
4023,61,49,-0.7375,2.7399999999999998,24.79
4059,62,11,11.9925,2.51,22.2975
4064,62,22,-0.13749999999999996,3.465,20.15
4065,62,23,-0.445,4.9475,19.1625
4066,62,24,-1.5250000000000001,6.0725,19.0575
4067,62,25,-3.4475,6.369999999999999,18.3275
4068,62,26,-3.2225,5.944999999999999,18.2675
4069,62,27,-2.3025,4.8825,22.055
4070,62,28,-0.004999999999999949,3.675,26.9375
4071,62,29,-0.47000000000000003,2.8475,29.872500000000002
4073,62,34,6.8725,2.2,27.0775
4074,62,35,11.239999999999998,2.4625,23.467499999999998
4075,62,51,-2.5225000000000004,2.455,26.712500000000002
4076,62,53,-2.745,2.3200000000000003,21.2975
4077,62,54,-3.4025,2.3375000000000004,19.5075
4079,62,56,-3.5175,1.9575,25.534999999999997
4115,63,22,-0.8699999999999999,3.5675,18.1425
4116,63,23,-1.0025,4.8725000000000005,18.9625
4117,63,24,-0.6499999999999999,5.9825,19.494999999999997
4118,63,25,-1.1600000000000001,6.58,18.88
4119,63,26,-0.835,6.5675,18.5225
4120,63,27,-0.65,5.757499999999999,21.049999999999997
4121,63,28,1.19,4.5,23.2725
4122,63,29,2.185,3.4974999999999996,26.075
4123,63,30,1.0575,2.8,25.1575
4124,63,36,6.0075,2.7025,25.607499999999998
4125,63,37,7.720000000000001,2.7,22.6175
4127,63,46,7.0225,2.18,22.3875
4128,63,47,4.55,2.2824999999999998,23.8775
4129,63,49,-1.79,2.5675,20.3
4164,64,11,5.992500000000001,2.8974999999999995,17.884999999999998
4165,64,13,8.987499999999999,2.555,22.345000000000002
4166,64,15,8.16,2.5875000000000004,22.71
4167,64,16,4.2975,2.49,23.065
4171,64,22,-0.505,3.8274999999999997,18.275
4172,64,23,-0.7325,4.9350000000000005,20.7
4173,64,24,0.75,5.835,21.6
4174,64,25,1.4874999999999998,6.5675,20.5825
4175,64,26,2.185,7.0600000000000005,18.7
4176,64,27,1.9725000000000001,6.64,19.459999999999997
4177,64,28,1.9299999999999997,5.45,21.2075
4178,64,29,1.6800000000000002,4.5575,22.06
4179,64,31,-0.37,3.0075,22.985
4180,64,34,0.7775,2.5125,29.33
4181,64,35,2.6575,2.64,28.8025
4182,64,36,1.4749999999999999,2.6325000000000003,28.5375
4183,64,37,2.15,2.4275,27.947499999999998
4226,65,22,1.25,3.7800000000000002,19.012499999999996
4227,65,23,0.935,5.0325,19.595000000000002
4228,65,24,2.365,6.025,20.1225
4229,65,25,4.334999999999999,6.71,20.685000000000002
4230,65,26,4.8425,7.3225,19.32
4231,65,27,2.9625,7.12,19.255
4232,65,28,0.8324999999999999,6.33,18.9375
4233,65,29,0.325,5.58,17.4175
4234,65,30,-0.012500000000000015,4.487500000000001,18.017500000000002
4235,65,31,-1.96,3.65,19.41
4236,65,32,-3.5525,3.045,23.394999999999996
4237,65,33,-3.7375,2.9175000000000004,23.3825
4238,65,34,-0.5875,2.9125,24.99
4239,65,35,-0.2875,2.7875,26.4525
4240,65,36,-1.5825,2.575,27.137500000000003
4241,65,37,-1.74,2.1775,28.0775
4249,65,52,-3.5125,2.0149999999999997,23.5575
4293,66,22,2.52,3.3925,19.357499999999998
4294,66,23,1.4900000000000002,5.085,16.5975
4295,66,24,2.2625,6.3725000000000005,16.5175
4296,66,25,4.9475,7.0675,18.695
4297,66,26,4.3825,7.725,18.555
4298,66,27,2.5225,7.550000000000001,18.424999999999997
4299,66,28,-0.10750000000000001,6.71,18.415
4300,66,29,-1.2925,5.97,17.3025
4301,66,30,-2.7275,4.785,17.5825
4302,66,31,-3.6525,4.025,18.4025
4303,66,32,-4.172499999999999,3.5125,21.502499999999998
4304,66,34,-1.0799999999999998,3.1500000000000004,21.912499999999998
4305,66,35,-0.38749999999999996,2.7625,24.045
4306,66,36,0.255,2.4499999999999997,25.737499999999997
4366,67,23,1.4675,4.6975,16.1475
4367,67,24,1.525,6.515000000000001,15.102500000000001
4368,67,25,3.5125,7.385,17.910000000000004
4369,67,26,2.8525,7.835,18.3825
4370,67,27,0.8450000000000001,7.68,18.2375
4371,67,28,-2.2875,6.922499999999999,18.299999999999997
4372,67,29,-4.41,6.0424999999999995,18.4625
4373,67,30,-4.1274999999999995,4.91,20.002499999999998
4374,67,31,-2.78,4.3774999999999995,20.5625
4375,67,32,-0.92,4.145,19.5925
4376,67,33,1.365,3.705,18.9225
4377,67,35,3.55,2.535,26.3625
4443,68,23,0.6725,3.8850000000000002,18.96
4444,68,24,0.705,6.125,15.4175
4445,68,25,2.1675,7.7625,15.942499999999999
4446,68,26,1.79,7.967500000000001,16.87
4447,68,27,-0.6174999999999999,7.7025,16.5125
4448,68,28,-3.5574999999999997,6.82,17.977500000000003
4449,68,29,-5.385,6.0,19.4375
4450,68,30,-5.265,4.9075,21.439999999999998
4451,68,31,-2.7275,4.512499999999999,21.6225
4452,68,32,-0.65,4.175,20.345
4453,68,33,1.9675,3.71,19.740000000000002
4454,68,35,7.220000000000001,2.4675000000000002,25.6875
4521,69,24,1.1949999999999998,5.5975,14.975
4522,69,25,1.45,7.5025,13.825
4523,69,26,1.1025,7.4125000000000005,15.6025
4524,69,27,-1.2799999999999998,6.705,17.58
4525,69,28,-3.5700000000000003,6.015000000000001,19.28
4526,69,29,-3.8924999999999996,5.42,19.945
4527,69,30,-3.355,4.67,21.63
4528,69,31,-2.3625,4.3375,21.392500000000002
4529,69,32,-1.5925,3.96,21.6625
4530,69,33,0.31,3.4750000000000005,21.8675
4531,69,34,5.202500000000001,3.0324999999999998,22.775
4590,70,24,1.5074999999999998,4.7675,16.12
4591,70,25,1.1075000000000002,5.9375,15.489999999999998
4592,70,26,-0.64,5.9575,16.544999999999998
4593,70,27,-2.7199999999999998,5.55,19.315
4594,70,28,-3.2875,5.3325,19.215
4595,70,29,-1.6124999999999998,5.0625,18.759999999999998
4596,70,31,-2.745,3.9899999999999998,21.1325
4597,70,32,-3.125,3.5275,23.229999999999997
4598,70,33,-1.4749999999999999,3.0975,24.325000000000003
4657,71,23,1.8925000000000003,3.485,14.2275
4658,71,24,-0.2425,3.9899999999999998,18.4675
4659,71,25,0.09000000000000002,4.32,18.915
4660,71,26,-1.6050000000000002,4.355,18.465
4661,71,27,-3.285,4.48,19.935000000000002
4662,71,28,-4.244999999999999,4.75,18.785
4663,71,29,-3.3674999999999997,4.557499999999999,19.1625
4664,71,30,-2.09,4.090000000000001,20.775
4665,71,31,-1.575,3.6725,22.080000000000002
4666,71,32,-1.6725,3.2700000000000005,23.205
4730,72,24,-2.715,3.4924999999999997,17.474999999999998
4731,72,25,-0.6225,3.4625000000000004,19.087500000000002
4732,72,27,-4.0649999999999995,3.8025,18.255000000000003
4733,72,28,-5.0575,4.1875,17.435
4734,72,29,-5.1,4.0175,18.9675
4806,73,27,-4.2775,3.1624999999999996,17.945
4807,73,28,-5.7,3.255,19.2775
4808,73,29,-5.862500000000001,3.06,20.48
4809,73,30,-6.444999999999999,2.7,21.2575
